{
	"credit": "Made with Blockbench",
	"parent": "block/cube_column",
	"textures": {
		"side": "lucky:blocks/lucky_block_fish"
	},
	"elements": [
		{
			"from": [0, 0, 0],
			"to": [16, 16, 16],
			"faces": {
				"north": {"uv": [0, 0, 16, 16], "texture": "#side"},
				"east": {"uv": [0, 0, 16, 16], "texture": "#side"},
				"south": {"uv": [0, 0, 16, 16], "texture": "#side"},
				"west": {"uv": [0, 0, 16, 16], "texture": "#side"},
				"up": {"uv": [0, 0, 16, 16], "texture": "#side"},
				"down": {"uv": [0, 0, 16, 16], "texture": "#side"}
			}
		},
		{
			"from": [-0.15, -0.15, -0.15],
			"to": [1.15, 1.15, 1.15],
			"faces": {
				"north": {"uv": [15, 15, 16, 16], "texture": "#side"},
				"east": {"uv": [15, 15, 16, 16], "texture": "#side"},
				"south": {"uv": [15, 15, 16, 16], "texture": "#side"},
				"west": {"uv": [15, 0, 16, 1], "texture": "#side"},
				"up": {"uv": [15, 15, 16, 16], "texture": "#side"},
				"down": {"uv": [15, 0, 16, 1], "texture": "#side"}
			}
		},
		{
			"from": [-0.15, -0.15, 14.85],
			"to": [1.15, 1.15, 16.15],
			"faces": {
				"north": {"uv": [15, 15, 16, 16], "texture": "#side"},
				"east": {"uv": [15, 15, 16, 16], "texture": "#side"},
				"south": {"uv": [15, 0, 16, 1], "texture": "#side"},
				"west": {"uv": [15, 15, 16, 16], "texture": "#side"},
				"up": {"uv": [15, 15, 16, 16], "texture": "#side"},
				"down": {"uv": [0, 0, 1, 1], "texture": "#side"}
			}
		},
		{
			"from": [-0.15, 14.85, 14.85],
			"to": [1.15, 16.15, 16.15],
			"faces": {
				"north": {"uv": [15, 15, 16, 16], "texture": "#side"},
				"east": {"uv": [15, 15, 16, 16], "texture": "#side"},
				"south": {"uv": [0, 0, 1, 1], "texture": "#side"},
				"west": {"uv": [15, 0, 16, 1], "texture": "#side"},
				"up": {"uv": [15, 0, 16, 1], "texture": "#side"},
				"down": {"uv": [15, 15, 16, 16], "texture": "#side"}
			}
		},
		{
			"from": [14.85, 14.85, 14.85],
			"to": [16.15, 16.15, 16.15],
			"faces": {
				"north": {"uv": [15, 15, 16, 16], "texture": "#side"},
				"east": {"uv": [0, 0, 1, 1], "texture": "#side"},
				"south": {"uv": [15, 0, 16, 1], "texture": "#side"},
				"west": {"uv": [15, 15, 16, 16], "texture": "#side"},
				"up": {"uv": [15, 15, 16, 16], "texture": "#side"},
				"down": {"uv": [15, 15, 16, 16], "texture": "#side"}
			}
		},
		{
			"from": [14.85, -0.15, 14.85],
			"to": [16.15, 1.15, 16.15],
			"faces": {
				"north": {"uv": [15, 15, 16, 16], "texture": "#side"},
				"east": {"uv": [0, 15, 1, 16], "texture": "#side"},
				"south": {"uv": [15, 15, 16, 16], "texture": "#side"},
				"west": {"uv": [15, 15, 16, 16], "texture": "#side"},
				"up": {"uv": [15, 15, 16, 16], "texture": "#side"},
				"down": {"uv": [15, 15, 16, 16], "texture": "#side"}
			}
		},
		{
			"from": [-0.15, 14.85, -0.15],
			"to": [1.15, 16.15, 1.15],
			"faces": {
				"north": {"uv": [15, 0, 16, 1], "texture": "#side"},
				"east": {"uv": [15, 15, 16, 16], "texture": "#side"},
				"south": {"uv": [15, 15, 16, 16], "texture": "#side"},
				"west": {"uv": [0, 0, 1, 1], "texture": "#side"},
				"up": {"uv": [0, 0, 1, 1], "texture": "#side"},
				"down": {"uv": [15, 15, 16, 16], "texture": "#side"}
			}
		},
		{
			"from": [14.85, 14.85, -0.15],
			"to": [16.15, 16.15, 1.15],
			"faces": {
				"north": {"uv": [0, 0, 1, 1], "texture": "#side"},
				"east": {"uv": [15, 0, 16, 1], "texture": "#side"},
				"south": {"uv": [15, 15, 16, 16], "texture": "#side"},
				"west": {"uv": [15, 15, 16, 16], "texture": "#side"},
				"up": {"uv": [15, 0, 16, 1], "texture": "#side"},
				"down": {"uv": [15, 15, 16, 16], "texture": "#side"}
			}
		},
		{
			"from": [14.85, -0.15, -0.15],
			"to": [16.15, 1.15, 1.15],
			"faces": {
				"north": {"uv": [15, 0, 16, 1], "texture": "#side"},
				"east": {"uv": [15, 15, 16, 16], "texture": "#side"},
				"south": {"uv": [15, 15, 16, 16], "texture": "#side"},
				"west": {"uv": [15, 15, 16, 16], "texture": "#side"},
				"up": {"uv": [15, 15, 16, 16], "texture": "#side"},
				"down": {"uv": [15, 15, 16, 16], "texture": "#side"}
			}
		},
		{
			"from": [-0.1, -0.1, -0.1],
			"to": [1.1, 16.1, 1.1],
			"faces": {
				"north": {"uv": [0, 0, 1, 16], "texture": "#side"},
				"east": {"uv": [0, 0, 1, 16], "texture": "#side"},
				"south": {"uv": [0, 0, 1, 16], "texture": "#side"},
				"west": {"uv": [0, 0, 1, 16], "texture": "#side"},
				"up": {"uv": [0, 0, 1, 1], "texture": "#side"},
				"down": {"uv": [0, 0, 1, 1], "texture": "#side"}
			}
		},
		{
			"from": [-0.1, -0.1, 14.9],
			"to": [1.1, 16.1, 16.1],
			"faces": {
				"north": {"uv": [0, 0, 1, 16], "texture": "#side"},
				"east": {"uv": [0, 0, 1, 16], "texture": "#side"},
				"south": {"uv": [0, 0, 1, 16], "texture": "#side"},
				"west": {"uv": [0, 0, 1, 16], "texture": "#side"},
				"up": {"uv": [0, 0, 1, 1], "texture": "#side"},
				"down": {"uv": [0, 0, 1, 1], "texture": "#side"}
			}
		},
		{
			"from": [-0.1, 14.9, -0.1],
			"to": [1.1, 16.1, 16.1],
			"faces": {
				"north": {"uv": [0, 0, 1, 1], "rotation": 180, "texture": "#side"},
				"east": {"uv": [0, 0, 1, 16], "rotation": 90, "texture": "#side"},
				"south": {"uv": [0, 0, 1, 1], "texture": "#side"},
				"west": {"uv": [0, 0, 1, 16], "rotation": 270, "texture": "#side"},
				"up": {"uv": [0, 0, 1, 16], "texture": "#side"},
				"down": {"uv": [0, 0, 1, 16], "rotation": 180, "texture": "#side"}
			}
		},
		{
			"from": [14.9, 14.9, -0.1],
			"to": [16.1, 16.1, 16.1],
			"faces": {
				"north": {"uv": [0, 0, 1, 1], "rotation": 180, "texture": "#side"},
				"east": {"uv": [0, 0, 1, 16], "rotation": 90, "texture": "#side"},
				"south": {"uv": [0, 0, 1, 1], "texture": "#side"},
				"west": {"uv": [0, 0, 1, 16], "rotation": 270, "texture": "#side"},
				"up": {"uv": [0, 0, 1, 16], "texture": "#side"},
				"down": {"uv": [0, 0, 1, 16], "rotation": 180, "texture": "#side"}
			}
		},
		{
			"from": [-0.1, 14.9, -0.1],
			"to": [16.1, 16.1, 1.1],
			"faces": {
				"north": {"uv": [0, 0, 1, 16], "rotation": 90, "texture": "#side"},
				"east": {"uv": [0, 0, 1, 1], "texture": "#side"},
				"south": {"uv": [0, 0, 1, 16], "rotation": 270, "texture": "#side"},
				"west": {"uv": [0, 0, 1, 1], "rotation": 180, "texture": "#side"},
				"up": {"uv": [0, 0, 1, 16], "rotation": 270, "texture": "#side"},
				"down": {"uv": [0, 0, 1, 16], "rotation": 270, "texture": "#side"}
			}
		},
		{
			"from": [-0.1, 14.9, 14.9],
			"to": [16.1, 16.1, 16.1],
			"faces": {
				"north": {"uv": [0, 0, 1, 16], "rotation": 90, "texture": "#side"},
				"east": {"uv": [0, 0, 1, 1], "texture": "#side"},
				"south": {"uv": [0, 0, 1, 16], "rotation": 270, "texture": "#side"},
				"west": {"uv": [0, 0, 1, 1], "rotation": 180, "texture": "#side"},
				"up": {"uv": [0, 0, 1, 16], "rotation": 270, "texture": "#side"},
				"down": {"uv": [0, 0, 1, 16], "rotation": 270, "texture": "#side"}
			}
		},
		{
			"from": [-0.1, -0.1, -0.1],
			"to": [1.1, 1.1, 16.1],
			"faces": {
				"north": {"uv": [0, 0, 1, 1], "rotation": 180, "texture": "#side"},
				"east": {"uv": [0, 0, 1, 16], "rotation": 90, "texture": "#side"},
				"south": {"uv": [0, 0, 1, 1], "texture": "#side"},
				"west": {"uv": [0, 0, 1, 16], "rotation": 270, "texture": "#side"},
				"up": {"uv": [0, 0, 1, 16], "texture": "#side"},
				"down": {"uv": [0, 0, 1, 16], "rotation": 180, "texture": "#side"}
			}
		},
		{
			"from": [14.9, -0.1, -0.1],
			"to": [16.1, 1.1, 16.1],
			"faces": {
				"north": {"uv": [0, 0, 1, 1], "rotation": 180, "texture": "#side"},
				"east": {"uv": [0, 0, 1, 16], "rotation": 90, "texture": "#side"},
				"south": {"uv": [0, 0, 1, 1], "texture": "#side"},
				"west": {"uv": [0, 0, 1, 16], "rotation": 270, "texture": "#side"},
				"up": {"uv": [0, 0, 1, 16], "texture": "#side"},
				"down": {"uv": [0, 0, 1, 16], "rotation": 180, "texture": "#side"}
			}
		},
		{
			"from": [-0.1, -0.1, -0.1],
			"to": [16.1, 1.1, 1.1],
			"faces": {
				"north": {"uv": [0, 0, 1, 16], "rotation": 90, "texture": "#side"},
				"east": {"uv": [0, 0, 1, 1], "texture": "#side"},
				"south": {"uv": [0, 0, 1, 16], "rotation": 270, "texture": "#side"},
				"west": {"uv": [0, 0, 1, 1], "rotation": 180, "texture": "#side"},
				"up": {"uv": [0, 0, 1, 16], "rotation": 270, "texture": "#side"},
				"down": {"uv": [0, 0, 1, 16], "rotation": 270, "texture": "#side"}
			}
		},
		{
			"from": [-0.1, -0.1, 14.9],
			"to": [16.1, 1.1, 16.1],
			"faces": {
				"north": {"uv": [0, 0, 1, 16], "rotation": 90, "texture": "#side"},
				"east": {"uv": [0, 0, 1, 1], "texture": "#side"},
				"south": {"uv": [0, 0, 1, 16], "rotation": 270, "texture": "#side"},
				"west": {"uv": [0, 0, 1, 1], "rotation": 180, "texture": "#side"},
				"up": {"uv": [0, 0, 1, 16], "rotation": 270, "texture": "#side"},
				"down": {"uv": [0, 0, 1, 16], "rotation": 270, "texture": "#side"}
			}
		},
		{
			"from": [14.9, -0.1, 14.9],
			"to": [16.1, 16.1, 16.1],
			"faces": {
				"north": {"uv": [0, 0, 1, 16], "texture": "#side"},
				"east": {"uv": [0, 0, 1, 16], "texture": "#side"},
				"south": {"uv": [0, 0, 1, 16], "texture": "#side"},
				"west": {"uv": [0, 0, 1, 16], "texture": "#side"},
				"up": {"uv": [0, 0, 1, 1], "texture": "#side"},
				"down": {"uv": [0, 0, 1, 1], "texture": "#side"}
			}
		},
		{
			"from": [14.9, -0.1, -0.1],
			"to": [16.1, 16.1, 1.1],
			"faces": {
				"north": {"uv": [0, 0, 1, 16], "texture": "#side"},
				"east": {"uv": [0, 0, 1, 16], "texture": "#side"},
				"south": {"uv": [0, 0, 1, 16], "texture": "#side"},
				"west": {"uv": [0, 0, 1, 16], "texture": "#side"},
				"up": {"uv": [0, 0, 1, 1], "texture": "#side"},
				"down": {"uv": [0, 0, 1, 1], "texture": "#side"}
			}
		},
		{
			"from": [7, 3, -0.5],
			"to": [9, 5, 0.5],
			"faces": {
				"north": {"uv": [7, 11, 9, 13], "texture": "#side"},
				"east": {"uv": [7, 11, 8, 13], "texture": "#side"},
				"south": {"uv": [0, 0, 2, 2], "texture": "#side"},
				"west": {"uv": [8, 11, 9, 13], "texture": "#side"},
				"up": {"uv": [7, 11, 9, 12], "rotation": 180, "texture": "#side"},
				"down": {"uv": [7, 12, 9, 13], "rotation": 180, "texture": "#side"}
			}
		},
		{
			"from": [-0.5, 3, 7],
			"to": [0.5, 5, 9],
			"faces": {
				"north": {"uv": [7, 11, 8, 13], "texture": "#side"},
				"east": {"uv": [0, 0, 2, 2], "texture": "#side"},
				"south": {"uv": [8, 11, 9, 13], "texture": "#side"},
				"west": {"uv": [7, 11, 9, 13], "texture": "#side"},
				"up": {"uv": [7, 11, 9, 12], "rotation": 90, "texture": "#side"},
				"down": {"uv": [7, 12, 9, 13], "rotation": 270, "texture": "#side"}
			}
		},
		{
			"from": [7, 3, 15.5],
			"to": [9, 5, 16.5],
			"faces": {
				"north": {"uv": [0, 0, 2, 2], "texture": "#side"},
				"east": {"uv": [8, 11, 9, 13], "texture": "#side"},
				"south": {"uv": [7, 11, 9, 13], "texture": "#side"},
				"west": {"uv": [7, 11, 8, 13], "texture": "#side"},
				"up": {"uv": [7, 11, 9, 12], "texture": "#side"},
				"down": {"uv": [7, 12, 9, 13], "texture": "#side"}
			}
		},
		{
			"from": [15.5, 3, 7],
			"to": [16.5, 5, 9],
			"faces": {
				"north": {"uv": [8, 11, 9, 13], "texture": "#side"},
				"east": {"uv": [7, 11, 9, 13], "texture": "#side"},
				"south": {"uv": [7, 11, 8, 13], "texture": "#side"},
				"west": {"uv": [0, 0, 2, 2], "texture": "#side"},
				"up": {"uv": [7, 11, 9, 12], "rotation": 270, "texture": "#side"},
				"down": {"uv": [7, 12, 9, 13], "rotation": 90, "texture": "#side"}
			}
		},
		{
			"from": [7, 15.5, 11],
			"to": [9, 16.5, 13],
			"faces": {
				"north": {"uv": [7, 11, 9, 12], "rotation": 180, "texture": "#side"},
				"east": {"uv": [8, 11, 9, 13], "rotation": 90, "texture": "#side"},
				"south": {"uv": [7, 12, 9, 13], "texture": "#side"},
				"west": {"uv": [7, 11, 8, 13], "rotation": 270, "texture": "#side"},
				"up": {"uv": [7, 11, 9, 13], "texture": "#side"},
				"down": {"uv": [0, 0, 2, 2], "rotation": 180, "texture": "#side"}
			}
		},
		{
			"from": [7, -0.5, 3],
			"to": [9, 0.5, 5],
			"faces": {
				"north": {"uv": [7, 12, 9, 13], "rotation": 180, "texture": "#side"},
				"east": {"uv": [8, 11, 9, 13], "rotation": 270, "texture": "#side"},
				"south": {"uv": [7, 11, 9, 12], "texture": "#side"},
				"west": {"uv": [7, 11, 8, 13], "rotation": 90, "texture": "#side"},
				"up": {"uv": [0, 0, 2, 2], "rotation": 180, "texture": "#side"},
				"down": {"uv": [7, 11, 9, 13], "texture": "#side"}
			}
		},
		{
			"from": [7, 6, -0.5],
			"to": [9, 8, 0.5],
			"faces": {
				"north": {"uv": [7, 8, 9, 10], "texture": "#side"},
				"east": {"uv": [7, 8, 8, 10], "texture": "#side"},
				"south": {"uv": [0, 0, 2, 2], "texture": "#side"},
				"west": {"uv": [8, 11, 9, 13], "texture": "#side"},
				"up": {"uv": [7, 11, 9, 12], "rotation": 180, "texture": "#side"},
				"down": {"uv": [7, 9, 9, 10], "rotation": 180, "texture": "#side"}
			}
		},
		{
			"from": [-0.5, 6, 7],
			"to": [0.5, 8, 9],
			"faces": {
				"north": {"uv": [7, 8, 8, 10], "texture": "#side"},
				"east": {"uv": [0, 0, 2, 2], "texture": "#side"},
				"south": {"uv": [8, 11, 9, 13], "texture": "#side"},
				"west": {"uv": [7, 8, 9, 10], "texture": "#side"},
				"up": {"uv": [7, 11, 9, 12], "rotation": 90, "texture": "#side"},
				"down": {"uv": [7, 9, 9, 10], "rotation": 270, "texture": "#side"}
			}
		},
		{
			"from": [7, 6, 15.5],
			"to": [9, 8, 16.5],
			"faces": {
				"north": {"uv": [0, 0, 2, 2], "texture": "#side"},
				"east": {"uv": [8, 11, 9, 13], "texture": "#side"},
				"south": {"uv": [7, 8, 9, 10], "texture": "#side"},
				"west": {"uv": [7, 8, 8, 10], "texture": "#side"},
				"up": {"uv": [7, 11, 9, 12], "texture": "#side"},
				"down": {"uv": [7, 9, 9, 10], "texture": "#side"}
			}
		},
		{
			"from": [15.5, 6, 7],
			"to": [16.5, 8, 9],
			"faces": {
				"north": {"uv": [8, 11, 9, 13], "texture": "#side"},
				"east": {"uv": [7, 8, 9, 10], "texture": "#side"},
				"south": {"uv": [7, 8, 8, 10], "texture": "#side"},
				"west": {"uv": [0, 0, 2, 2], "texture": "#side"},
				"up": {"uv": [7, 11, 9, 12], "rotation": 270, "texture": "#side"},
				"down": {"uv": [7, 9, 9, 10], "rotation": 90, "texture": "#side"}
			}
		},
		{
			"from": [7, 15.5, 8],
			"to": [9, 16.5, 10],
			"faces": {
				"north": {"uv": [7, 11, 9, 12], "rotation": 180, "texture": "#side"},
				"east": {"uv": [8, 11, 9, 13], "rotation": 90, "texture": "#side"},
				"south": {"uv": [7, 9, 9, 10], "texture": "#side"},
				"west": {"uv": [7, 8, 8, 10], "rotation": 270, "texture": "#side"},
				"up": {"uv": [7, 8, 9, 10], "texture": "#side"},
				"down": {"uv": [0, 0, 2, 2], "rotation": 180, "texture": "#side"}
			}
		},
		{
			"from": [7, -0.5, 6],
			"to": [9, 0.5, 8],
			"faces": {
				"north": {"uv": [7, 9, 9, 10], "rotation": 180, "texture": "#side"},
				"east": {"uv": [8, 11, 9, 13], "rotation": 270, "texture": "#side"},
				"south": {"uv": [7, 11, 9, 12], "texture": "#side"},
				"west": {"uv": [7, 8, 8, 10], "rotation": 90, "texture": "#side"},
				"up": {"uv": [0, 0, 2, 2], "rotation": 180, "texture": "#side"},
				"down": {"uv": [7, 8, 9, 10], "texture": "#side"}
			}
		},
		{
			"from": [7, 8, -0.5],
			"to": [8, 9, 0.5],
			"faces": {
				"north": {"uv": [8, 7, 9, 8], "texture": "#side"},
				"east": {"uv": [8, 7, 9, 8], "texture": "#side"},
				"south": {"uv": [8, 7, 9, 8], "texture": "#side"},
				"west": {"uv": [8, 7, 9, 8], "texture": "#side"},
				"up": {"uv": [8, 7, 9, 8], "texture": "#side"},
				"down": {"uv": [8, 7, 9, 8], "texture": "#side"}
			}
		},
		{
			"from": [-0.5, 8, 8],
			"to": [0.5, 9, 9],
			"faces": {
				"north": {"uv": [8, 7, 9, 8], "texture": "#side"},
				"east": {"uv": [8, 7, 9, 8], "texture": "#side"},
				"south": {"uv": [8, 7, 9, 8], "texture": "#side"},
				"west": {"uv": [8, 7, 9, 8], "texture": "#side"},
				"up": {"uv": [8, 7, 9, 8], "rotation": 270, "texture": "#side"},
				"down": {"uv": [8, 7, 9, 8], "rotation": 90, "texture": "#side"}
			}
		},
		{
			"from": [8, 8, 15.5],
			"to": [9, 9, 16.5],
			"faces": {
				"north": {"uv": [8, 7, 9, 8], "texture": "#side"},
				"east": {"uv": [8, 7, 9, 8], "texture": "#side"},
				"south": {"uv": [8, 7, 9, 8], "texture": "#side"},
				"west": {"uv": [8, 7, 9, 8], "texture": "#side"},
				"up": {"uv": [8, 7, 9, 8], "rotation": 180, "texture": "#side"},
				"down": {"uv": [8, 7, 9, 8], "rotation": 180, "texture": "#side"}
			}
		},
		{
			"from": [15.5, 8, 7],
			"to": [16.5, 9, 8],
			"faces": {
				"north": {"uv": [8, 7, 9, 8], "texture": "#side"},
				"east": {"uv": [8, 7, 9, 8], "texture": "#side"},
				"south": {"uv": [8, 7, 9, 8], "texture": "#side"},
				"west": {"uv": [8, 7, 9, 8], "texture": "#side"},
				"up": {"uv": [8, 7, 9, 8], "rotation": 90, "texture": "#side"},
				"down": {"uv": [8, 7, 9, 8], "rotation": 270, "texture": "#side"}
			}
		},
		{
			"from": [8, 15.5, 7],
			"to": [9, 16.5, 8],
			"faces": {
				"north": {"uv": [8, 7, 9, 8], "texture": "#side"},
				"east": {"uv": [8, 7, 9, 8], "rotation": 90, "texture": "#side"},
				"south": {"uv": [8, 7, 9, 8], "rotation": 180, "texture": "#side"},
				"west": {"uv": [8, 7, 9, 8], "rotation": 270, "texture": "#side"},
				"up": {"uv": [8, 7, 9, 8], "texture": "#side"},
				"down": {"uv": [8, 7, 9, 8], "rotation": 180, "texture": "#side"}
			}
		},
		{
			"from": [8, -0.5, 8],
			"to": [9, 0.5, 9],
			"faces": {
				"north": {"uv": [8, 7, 9, 8], "texture": "#side"},
				"east": {"uv": [8, 7, 9, 8], "rotation": 270, "texture": "#side"},
				"south": {"uv": [8, 7, 9, 8], "rotation": 180, "texture": "#side"},
				"west": {"uv": [8, 7, 9, 8], "rotation": 90, "texture": "#side"},
				"up": {"uv": [8, 7, 9, 8], "rotation": 180, "texture": "#side"},
				"down": {"uv": [8, 7, 9, 8], "texture": "#side"}
			}
		},
		{
			"from": [5, 8, -0.5],
			"to": [7, 12, 0.5],
			"faces": {
				"north": {"uv": [9, 4, 11, 8], "texture": "#side"},
				"east": {"uv": [9, 4, 10, 8], "texture": "#side"},
				"south": {"uv": [0, 0, 2, 4], "texture": "#side"},
				"west": {"uv": [10, 4, 11, 8], "texture": "#side"},
				"up": {"uv": [9, 4, 11, 5], "texture": "#side"},
				"down": {"uv": [9, 7, 11, 8], "texture": "#side"}
			}
		},
		{
			"from": [-0.5, 8, 9],
			"to": [0.5, 12, 11],
			"faces": {
				"north": {"uv": [9, 4, 10, 8], "texture": "#side"},
				"east": {"uv": [0, 0, 2, 4], "texture": "#side"},
				"south": {"uv": [10, 4, 11, 8], "texture": "#side"},
				"west": {"uv": [9, 4, 11, 8], "texture": "#side"},
				"up": {"uv": [9, 4, 11, 5], "rotation": 270, "texture": "#side"},
				"down": {"uv": [9, 7, 11, 8], "rotation": 90, "texture": "#side"}
			}
		},
		{
			"from": [9, 8, 15.5],
			"to": [11, 12, 16.5],
			"faces": {
				"north": {"uv": [0, 0, 2, 4], "texture": "#side"},
				"east": {"uv": [10, 4, 11, 8], "texture": "#side"},
				"south": {"uv": [9, 4, 11, 8], "texture": "#side"},
				"west": {"uv": [9, 4, 10, 8], "texture": "#side"},
				"up": {"uv": [9, 4, 11, 5], "rotation": 180, "texture": "#side"},
				"down": {"uv": [9, 7, 11, 8], "rotation": 180, "texture": "#side"}
			}
		},
		{
			"from": [15.5, 8, 5],
			"to": [16.5, 12, 7],
			"faces": {
				"north": {"uv": [10, 4, 11, 8], "texture": "#side"},
				"east": {"uv": [9, 4, 11, 8], "texture": "#side"},
				"south": {"uv": [9, 4, 10, 8], "texture": "#side"},
				"west": {"uv": [0, 0, 2, 4], "texture": "#side"},
				"up": {"uv": [9, 4, 11, 5], "rotation": 90, "texture": "#side"},
				"down": {"uv": [9, 7, 11, 8], "rotation": 270, "texture": "#side"}
			}
		},
		{
			"from": [9, 15.5, 4],
			"to": [11, 16.5, 8],
			"faces": {
				"north": {"uv": [9, 4, 11, 5], "texture": "#side"},
				"east": {"uv": [10, 4, 11, 8], "rotation": 90, "texture": "#side"},
				"south": {"uv": [9, 7, 11, 8], "rotation": 180, "texture": "#side"},
				"west": {"uv": [9, 4, 10, 8], "rotation": 270, "texture": "#side"},
				"up": {"uv": [9, 4, 11, 8], "texture": "#side"},
				"down": {"uv": [0, 0, 2, 4], "rotation": 180, "texture": "#side"}
			}
		},
		{
			"from": [9, -0.5, 8],
			"to": [11, 0.5, 12],
			"faces": {
				"north": {"uv": [9, 7, 11, 8], "texture": "#side"},
				"east": {"uv": [10, 4, 11, 8], "rotation": 270, "texture": "#side"},
				"south": {"uv": [9, 4, 11, 5], "rotation": 180, "texture": "#side"},
				"west": {"uv": [9, 4, 10, 8], "rotation": 90, "texture": "#side"},
				"up": {"uv": [0, 0, 2, 4], "rotation": 180, "texture": "#side"},
				"down": {"uv": [9, 4, 11, 8], "texture": "#side"}
			}
		},
		{
			"from": [10, 9, -0.5],
			"to": [12, 12, 0.5],
			"faces": {
				"north": {"uv": [4, 4, 6, 7], "texture": "#side"},
				"east": {"uv": [4, 4, 5, 7], "texture": "#side"},
				"south": {"uv": [0, 0, 2, 3], "texture": "#side"},
				"west": {"uv": [5, 4, 6, 7], "texture": "#side"},
				"up": {"uv": [4, 4, 6, 5], "texture": "#side"},
				"down": {"uv": [4, 6, 6, 7], "texture": "#side"}
			}
		},
		{
			"from": [-0.5, 9, 4],
			"to": [0.5, 12, 6],
			"faces": {
				"north": {"uv": [4, 4, 5, 7], "texture": "#side"},
				"east": {"uv": [0, 0, 2, 3], "texture": "#side"},
				"south": {"uv": [5, 4, 6, 7], "texture": "#side"},
				"west": {"uv": [4, 4, 6, 7], "texture": "#side"},
				"up": {"uv": [4, 4, 6, 5], "rotation": 270, "texture": "#side"},
				"down": {"uv": [4, 6, 6, 7], "rotation": 90, "texture": "#side"}
			}
		},
		{
			"from": [4, 9, 15.5],
			"to": [6, 12, 16.5],
			"faces": {
				"north": {"uv": [0, 0, 2, 3], "texture": "#side"},
				"east": {"uv": [5, 4, 6, 7], "texture": "#side"},
				"south": {"uv": [4, 4, 6, 7], "texture": "#side"},
				"west": {"uv": [4, 4, 5, 7], "texture": "#side"},
				"up": {"uv": [4, 4, 6, 5], "rotation": 180, "texture": "#side"},
				"down": {"uv": [4, 6, 6, 7], "rotation": 180, "texture": "#side"}
			}
		},
		{
			"from": [15.5, 9, 10],
			"to": [16.5, 12, 12],
			"faces": {
				"north": {"uv": [5, 4, 6, 7], "texture": "#side"},
				"east": {"uv": [4, 4, 6, 7], "texture": "#side"},
				"south": {"uv": [4, 4, 5, 7], "texture": "#side"},
				"west": {"uv": [0, 0, 2, 3], "texture": "#side"},
				"up": {"uv": [4, 4, 6, 5], "rotation": 90, "texture": "#side"},
				"down": {"uv": [4, 6, 6, 7], "rotation": 270, "texture": "#side"}
			}
		},
		{
			"from": [4, 15.5, 4],
			"to": [6, 16.5, 7],
			"faces": {
				"north": {"uv": [4, 4, 6, 5], "texture": "#side"},
				"east": {"uv": [5, 4, 6, 7], "rotation": 90, "texture": "#side"},
				"south": {"uv": [4, 6, 6, 7], "rotation": 180, "texture": "#side"},
				"west": {"uv": [4, 4, 5, 7], "rotation": 270, "texture": "#side"},
				"up": {"uv": [4, 4, 6, 7], "texture": "#side"},
				"down": {"uv": [0, 0, 2, 3], "rotation": 180, "texture": "#side"}
			}
		},
		{
			"from": [4, -0.5, 9],
			"to": [6, 0.5, 12],
			"faces": {
				"north": {"uv": [4, 6, 6, 7], "texture": "#side"},
				"east": {"uv": [5, 4, 6, 7], "rotation": 270, "texture": "#side"},
				"south": {"uv": [4, 4, 6, 5], "rotation": 180, "texture": "#side"},
				"west": {"uv": [4, 4, 5, 7], "rotation": 90, "texture": "#side"},
				"up": {"uv": [0, 0, 2, 3], "rotation": 180, "texture": "#side"},
				"down": {"uv": [4, 4, 6, 7], "texture": "#side"}
			}
		},
		{
			"from": [6, 12, -0.5],
			"to": [11, 13, 0.5],
			"faces": {
				"north": {"uv": [5, 3, 10, 4], "texture": "#side"},
				"east": {"uv": [5, 3, 10, 4], "texture": "#side"},
				"south": {"uv": [5, 3, 10, 4], "texture": "#side"},
				"west": {"uv": [5, 3, 10, 4], "texture": "#side"},
				"up": {"uv": [5, 3, 10, 4], "texture": "#side"},
				"down": {"uv": [5, 3, 10, 4], "texture": "#side"}
			}
		},
		{
			"from": [-0.5, 12, 5],
			"to": [0.5, 13, 10],
			"faces": {
				"north": {"uv": [5, 3, 10, 4], "texture": "#side"},
				"east": {"uv": [5, 3, 10, 4], "texture": "#side"},
				"south": {"uv": [5, 3, 10, 4], "texture": "#side"},
				"west": {"uv": [5, 3, 10, 4], "texture": "#side"},
				"up": {"uv": [5, 3, 10, 4], "rotation": 270, "texture": "#side"},
				"down": {"uv": [5, 3, 10, 4], "rotation": 90, "texture": "#side"}
			}
		},
		{
			"from": [5, 12, 15.5],
			"to": [10, 13, 16.5],
			"faces": {
				"north": {"uv": [5, 3, 10, 4], "texture": "#side"},
				"east": {"uv": [5, 3, 10, 4], "texture": "#side"},
				"south": {"uv": [5, 3, 10, 4], "texture": "#side"},
				"west": {"uv": [5, 3, 10, 4], "texture": "#side"},
				"up": {"uv": [5, 3, 10, 4], "rotation": 180, "texture": "#side"},
				"down": {"uv": [5, 3, 10, 4], "rotation": 180, "texture": "#side"}
			}
		},
		{
			"from": [15.5, 12, 6],
			"to": [16.5, 13, 11],
			"faces": {
				"north": {"uv": [5, 3, 10, 4], "texture": "#side"},
				"east": {"uv": [5, 3, 10, 4], "texture": "#side"},
				"south": {"uv": [5, 3, 10, 4], "texture": "#side"},
				"west": {"uv": [5, 3, 10, 4], "texture": "#side"},
				"up": {"uv": [5, 3, 10, 4], "rotation": 90, "texture": "#side"},
				"down": {"uv": [5, 3, 10, 4], "rotation": 270, "texture": "#side"}
			}
		},
		{
			"from": [5, 15.5, 3],
			"to": [10, 16.5, 4],
			"faces": {
				"north": {"uv": [5, 3, 10, 4], "texture": "#side"},
				"east": {"uv": [5, 3, 10, 4], "rotation": 90, "texture": "#side"},
				"south": {"uv": [5, 3, 10, 4], "rotation": 180, "texture": "#side"},
				"west": {"uv": [5, 3, 10, 4], "rotation": 270, "texture": "#side"},
				"up": {"uv": [5, 3, 10, 4], "texture": "#side"},
				"down": {"uv": [5, 3, 10, 4], "rotation": 180, "texture": "#side"}
			}
		},
		{
			"from": [5, -0.5, 12],
			"to": [10, 0.5, 13],
			"faces": {
				"north": {"uv": [5, 3, 10, 4], "texture": "#side"},
				"east": {"uv": [5, 3, 10, 4], "rotation": 270, "texture": "#side"},
				"south": {"uv": [5, 3, 10, 4], "rotation": 180, "texture": "#side"},
				"west": {"uv": [5, 3, 10, 4], "rotation": 90, "texture": "#side"},
				"up": {"uv": [5, 3, 10, 4], "rotation": 180, "texture": "#side"},
				"down": {"uv": [5, 3, 10, 4], "texture": "#side"}
			}
		}
	],
	"display": {
		"thirdperson_righthand": {
			"rotation": [75, 45, 0],
			"translation": [0, 2.5, 0],
			"scale": [0.375, 0.375, 0.375]
		},
		"thirdperson_lefthand": {
			"rotation": [75, 45, 0],
			"translation": [0, 2.5, 0],
			"scale": [0.375, 0.375, 0.375]
		},
		"firstperson_righthand": {
			"rotation": [0, 45, 0],
			"scale": [0.4, 0.4, 0.4]
		},
		"firstperson_lefthand": {
			"rotation": [0, 45, 0],
			"scale": [0.4, 0.4, 0.4]
		},
		"ground": {
			"translation": [0, 3, 0],
			"scale": [0.25, 0.25, 0.25]
		},
		"gui": {
			"rotation": [30, 45, 0],
			"scale": [0.625, 0.625, 0.625]
		},
		"fixed": {
			"scale": [0.5, 0.5, 0.5]
		}
	}
}