{
	"credit": "Made with Blockbench",
	"textures": {
		"particle": "lucky:items/aquamarine_shield"
	},
	"elements": [
		{
			"from": [-6, -11, 1],
			"to": [6, 11, 2],
			"faces": {
				"north": {"uv": [3.5, 0.25, 6.5, 5.75], "texture": "#particle"},
				"east": {"uv": [3.25, 0.25, 3.5, 5.75], "texture": "#particle"},
				"south": {"uv": [0.25, 0.25, 3.25, 5.75], "texture": "#particle"},
				"west": {"uv": [0, 0.25, 0.25, 5.75], "texture": "#particle"},
				"up": {"uv": [0.25, 0, 3, 0.25], "rotation": 180, "texture": "#particle"},
				"down": {"uv": [0.25, 5.5, 3, 5.75], "rotation": 180, "texture": "#particle"}
			}
		},
		{
			"from": [-1, -3, -5],
			"to": [1, 3, 1],
			"faces": {
				"north": {"uv": [8, 1.5, 8.5, 3], "texture": "#particle"},
				"east": {"uv": [6.5, 1.5, 8, 3], "texture": "#particle"},
				"south": {"uv": [8, 1.5, 8.5, 3], "texture": "#particle"},
				"west": {"uv": [6.5, 1.5, 8, 3], "texture": "#particle"},
				"up": {"uv": [8, 1.5, 8.5, 3], "rotation": 180, "texture": "#particle"},
				"down": {"uv": [8, 1.5, 8.5, 3], "rotation": 180, "texture": "#particle"}
			}
		}
	],
	"gui_light": "front",
	"overrides": [
		{
			"predicate": {
				"blocking": 1
			},
			"model": "item/shield_blocking"
		}
	],
	"display": {
        "thirdperson_righthand": {
            "rotation": [ 45, 135, 0 ],
            "translation": [ 3.51, 11, -2 ],
            "scale": [ 1, 1, 1 ]
        },
        "thirdperson_lefthand": {
            "rotation": [ 45, 135, 0 ],
            "translation": [ 13.51, 3, 5 ],
            "scale": [ 1, 1, 1 ]
        },
        "firstperson_righthand": {
            "rotation": [ 0, 180, -5 ],
            "translation": [ -15, 5, -11 ],
            "scale": [ 1.25, 1.25, 1.25 ]
        },
        "firstperson_lefthand": {
            "rotation": [ 0, 180, -5 ],
            "translation": [ 5, 5, -11 ],
            "scale": [ 1.25, 1.25, 1.25 ]
        },
        "gui": {
            "rotation": [ 15, -25, -5 ],
            "translation": [ 2, 3, 0 ],
            "scale": [ 0.65, 0.65, 0.65 ]
        }
    }
}