{
    "parent": "item/handheld",
    "textures": {
        "layer0": "lucky:items/fish_lucky_sword"
    },
	    "overrides": [
	    {
            "predicate": {
				"custom_model_data": 1
            },
            "model": "lucky:item/searing_blade"
        },
		{
            "predicate": {
				"custom_model_data": 2
            },
            "model": "lucky:item/neptunes_sword"
        },
		{
            "predicate": {
				"custom_model_data": 3
            },
            "model": "lucky:item/pufferfish_on_a_stick"
        },
		{
            "predicate": {
				"custom_model_data": 4
            },
            "model": "lucky:item/cursed_blade"
        }
	]
}
