{
    "parent": "item/generated",
    "textures": {
        "layer0": "lucky:items/fish_lucky_bow_standby"
    },
    "display": {
        "thirdperson_righthand": {
            "rotation": [ -80, 260, -40 ],
            "translation": [ -1, -2, 2.5 ],
            "scale": [ 0.9, 0.9, 0.9 ]
        },
        "thirdperson_lefthand": {
            "rotation": [ -80, -280, 40 ],
            "translation": [ -1, -2, 2.5 ],
            "scale": [ 0.9, 0.9, 0.9 ]
        },
        "firstperson_righthand": {
            "rotation": [ 0, -90, 25 ],
            "translation": [ 1.13, 3.2, 1.13],
            "scale": [ 0.68, 0.68, 0.68 ]
        },
        "firstperson_lefthand": {
            "rotation": [ 0, 90, -25 ],
            "translation": [ 1.13, 3.2, 1.13],
            "scale": [ 0.68, 0.68, 0.68 ]
        }
    },
    "overrides": [
	    {
            "predicate": {
                "pulling": 1,
				"custom_model_data": 0
            },
            "model": "lucky:item/fish_lucky_bow_pulling_0"
        },
        {
            "predicate": {
                "pulling": 1,
                "pull": 0.65,
				"custom_model_data": 0
            },
            "model": "lucky:item/fish_lucky_bow_pulling_1"
        },
        {
            "predicate": {
                "pulling": 1,
                "pull": 0.9,
				"custom_model_data": 0
            },
            "model": "lucky:item/fish_lucky_bow_pulling_2"
        },
	    {
			"predicate": {
			"custom_model_data": 1
			},
			"model": "lucky:item/pufferfish_cannon"
		},
		{
			"predicate": {
			"custom_model_data": 2
			},
			"model": "lucky:item/prismarine_gaunlet"
		},
		{
			"predicate": {
			"custom_model_data": 2,
			"pulling": 1
			},
			"model": "lucky:item/prismarine_gaunlet_pulling_0"
		},
		{
			"predicate": {
			"custom_model_data": 2,
			"pulling": 1,
			"pull": 0.25
			},
			"model": "lucky:item/prismarine_gaunlet_pulling_1"
		},
		{
			"predicate": {
			"custom_model_data": 2,
			"pulling": 1,
			"pull": 0.50
			},
			"model": "lucky:item/prismarine_gaunlet_pulling_2"
		},
		{
			"predicate": {
			"custom_model_data": 2,
			"pulling": 1,
			"pull": 0.75
			},
			"model": "lucky:item/prismarine_gaunlet_pulling_3"
		},
		{
			"predicate": {
			"custom_model_data": 2,
			"pulling": 1,
			"pull": 1
			},
			"model": "lucky:item/prismarine_gaunlet_pulling_4"
		},
				{
			"predicate": {
			"custom_model_data": 3
			},
			"model": "lucky:item/fish_wand"
		},
		{
			"predicate": {
			"custom_model_data": 3,
			"pulling": 1
			},
			"model": "lucky:item/fish_wand_pulling_0"
		},
		{
			"predicate": {
			"custom_model_data": 3,
			"pulling": 1,
			"pull": 0.25
			},
			"model": "lucky:item/fish_wand_pulling_1"
		},
		{
			"predicate": {
			"custom_model_data": 3,
			"pulling": 1,
			"pull": 0.50
			},
			"model": "lucky:item/fish_wand_pulling_2"
		},
		{
			"predicate": {
			"custom_model_data": 3,
			"pulling": 1,
			"pull": 0.75
			},
			"model": "lucky:item/fish_wand_pulling_3"
		},
		{
			"predicate": {
			"custom_model_data": 3,
			"pulling": 1,
			"pull": 1
			},
			"model": "lucky:item/fish_wand_pulling_4"
		},
			    {
            "predicate": {
				"custom_model_data": 4
            },
            "model": "lucky:item/neptunes_bow"
        },
			    {
            "predicate": {
                "pulling": 1,
				"custom_model_data": 4
            },
            "model": "lucky:item/neptunes_bow_pulling_0"
        },
        {
            "predicate": {
                "pulling": 1,
                "pull": 0.65,
				"custom_model_data": 4
            },
            "model": "lucky:item/neptunes_bow_pulling_1"
        },
        {
            "predicate": {
                "pulling": 1,
                "pull": 0.9,
				"custom_model_data": 4
            },
            "model": "lucky:item/neptunes_bow_pulling_2"
        }
    ]
}
