{
	"credit": "Made with Blockbench",
	"parent": "item/generated",
	"textures": {
		"layer0": "lucky:items/neptunes_bow_pulling_0"
	},
	"display": {
		"thirdperson_righthand": {
			"rotation": [95, 111, 130],
			"translation": [-1, 0, 6.25],
			"scale": [2, 2, 1]
		},
		"thirdperson_lefthand": {
			"rotation": [95, 111, -130],
			"translation": [-1, 0, 6.25],
			"scale": [2, 2, 1]
		},
		"firstperson_righthand": {
			"rotation": [-32, -87, -5],
			"translation": [2.25, 4, 2.25],
			"scale": [1.5, 1.5, 0.5]
		},
		"firstperson_lefthand": {
			"rotation": [16, 48, -42],
			"translation": [2.25, 3.25, 3.5],
			"scale": [1.5, 1.5, 0.5]
		},
		"ground": {
			"translation": [0, 8, 0],
			"scale": [1.2, 1.2, 1]
		},
		"gui": {
			"translation": [-0.5, 0.75, 0],
			"scale": [1.4, 1.4, 1]
		},
		"fixed": {
			"translation": [0, 0, 0.25],
			"scale": [1.5, 1.5, 1.5]
		}
	}
}