{
	"credit": "Made with Blockbench",
	"parent": "item/generated",
	"textures": {
		"layer0": "lucky:items/neptunes_bow"
	},
	"display": {
		"thirdperson_righthand": {
			"rotation": [140, 98, 140],
			"translation": [-0.25, -1.75, 6.25],
			"scale": [2, 2, 1]
		},
		"thirdperson_lefthand": {
			"rotation": [140, 98, -140],
			"translation": [-0.25, -1.75, 6.25],
			"scale": [2, 2, 1]
		},
		"firstperson_righthand": {
			"rotation": [0, -90, 34],
			"translation": [2, 6.5, 2.25],
			"scale": [1.5, 1.5, 0.5]
		},
		"firstperson_lefthand": {
			"rotation": [0, 90, -34],
			"translation": [2, 6.5, 2.25],
			"scale": [1.5, 1.5, 0.5]
		},
		"ground": {
			"translation": [0, 8, 0],
			"scale": [1.2, 1.2, 0.8]
		},
		"gui": {
			"translation": [-0.5, 0.75, 0],
			"scale": [1.4, 1.4, 1]
		},
		"fixed": {
			"translation": [0, 0, 0.25],
			"scale": [1.5, 1.5, 1.5]
		}
	}
}