{
	"credit": "Made with Blockbench",
	"textures": {
		"particle": "lucky:items/neptune_shield"
	},
	"elements": [
		{
			"from": [-6, -12, 1],
			"to": [5, 12, 2],
			"faces": {
				"north": {"uv": [2, 6.25, 4.5, 12.25], "texture": "#particle"},
				"east": {"uv": [0.75, 6.25, 0.5, 12.25], "texture": "#particle"},
				"south": {"uv": [0.25, 0.25, 3, 6.25], "texture": "#particle"},
				"west": {"uv": [0.75, 6.25, 0.5, 12.25], "texture": "#particle"},
				"up": {"uv": [0.25, 0, 3, 0.25], "rotation": 180, "texture": "#particle"},
				"down": {"uv": [0.25, 0, 3, 0.25], "texture": "#particle"}
			}
		},
		{
			"from": [1.5, -3, -5],
			"to": [3.5, 3, 1],
			"faces": {
				"north": {"uv": [7.75, 1.5, 8.25, 3], "texture": "#particle"},
				"east": {"uv": [6.25, 1.5, 7.75, 3], "texture": "#particle"},
				"south": {"uv": [8, 1.5, 8.5, 3], "texture": "#particle"},
				"west": {"uv": [6.25, 1.5, 7.75, 3], "texture": "#particle"},
				"up": {"uv": [7.75, 1.5, 8.25, 3], "texture": "#particle"},
				"down": {"uv": [7.75, 1.5, 8.25, 3], "texture": "#particle"}
			}
		},
		{
			"from": [-4.5, -3, -5],
			"to": [-2.5, 3, 1],
			"faces": {
				"north": {"uv": [7.75, 1.5, 8.25, 3], "texture": "#particle"},
				"east": {"uv": [6.25, 1.5, 7.75, 3], "texture": "#particle"},
				"south": {"uv": [8, 1.5, 8.5, 3], "texture": "#particle"},
				"west": {"uv": [6.25, 1.5, 7.75, 3], "texture": "#particle"},
				"up": {"uv": [7.75, 1.5, 8.25, 3], "texture": "#particle"},
				"down": {"uv": [7.75, 1.5, 8.25, 3], "texture": "#particle"}
			}
		},
		{
			"from": [6.8, -12, -7.35],
			"to": [9.8, 12, -6.35],
			"rotation": {"angle": 45, "axis": "y", "origin": [16, 0, 0]},
			"faces": {
				"north": {"uv": [6.25, 0.25, 5.5, 6.25], "texture": "#particle"},
				"east": {"uv": [0.25, 0.25, 0, 6.25], "texture": "#particle"},
				"south": {"uv": [0.75, 6.25, 0, 12.25], "texture": "#particle"},
				"west": {"uv": [0.75, 6.25, 0.5, 12.25], "texture": "#particle"},
				"up": {"uv": [1, 0, 0.25, 0.25], "texture": "#particle"},
				"down": {"uv": [1, 0, 0.25, 0.25], "texture": "#particle"}
			}
		},
		{
			"from": [-10.8, -12, -7.35],
			"to": [-7.8, 12, -6.35],
			"rotation": {"angle": -45, "axis": "y", "origin": [-17, 0, 0]},
			"faces": {
				"north": {"uv": [5.5, 0.25, 6.25, 6.25], "texture": "#particle"},
				"east": {"uv": [0.5, 6.25, 0.75, 12.25], "texture": "#particle"},
				"south": {"uv": [0, 6.25, 0.75, 12.25], "texture": "#particle"},
				"west": {"uv": [0, 0.25, 0.25, 6.25], "texture": "#particle"},
				"up": {"uv": [0.25, 0, 1, 0.25], "texture": "#particle"},
				"down": {"uv": [0.25, 0, 1, 0.25], "texture": "#particle"}
			}
		},
		{
			"from": [-1, -9, 2],
			"to": [0, 10, 3],
			"faces": {
				"north": {"uv": [1.5, 0.75, 1.75, 5.25], "texture": "#particle"},
				"east": {"uv": [1.5, 0.75, 1.75, 5.5], "texture": "#particle"},
				"south": {"uv": [1.5, 0.75, 1.75, 5.5], "texture": "#particle"},
				"west": {"uv": [1.5, 0.75, 1.75, 5.5], "texture": "#particle"},
				"up": {"uv": [1.5, 0.75, 1.75, 1], "texture": "#particle"},
				"down": {"uv": [1.5, 5.25, 1.75, 5.5], "texture": "#particle"}
			}
		},
		{
			"from": [0, 3, 2],
			"to": [1, 6, 3],
			"faces": {
				"north": {"uv": [1.75, 1.75, 2, 2.5], "texture": "#particle"},
				"east": {"uv": [1.75, 1.75, 2, 2.5], "texture": "#particle"},
				"south": {"uv": [1.75, 1.75, 2, 2.5], "texture": "#particle"},
				"west": {"uv": [1.75, 1.75, 2, 2.5], "texture": "#particle"},
				"up": {"uv": [1.75, 1.75, 2, 2], "texture": "#particle"},
				"down": {"uv": [1.75, 1.75, 2, 2], "texture": "#particle"}
			}
		},
		{
			"from": [-2, 3, 2],
			"to": [-1, 6, 3],
			"faces": {
				"north": {"uv": [1.75, 1.75, 2, 2.5], "texture": "#particle"},
				"east": {"uv": [1.75, 1.75, 2, 2.5], "texture": "#particle"},
				"south": {"uv": [1.75, 1.75, 2, 2.5], "texture": "#particle"},
				"west": {"uv": [1.75, 1.75, 2, 2.5], "texture": "#particle"},
				"up": {"uv": [1.75, 1.75, 2, 2], "texture": "#particle"},
				"down": {"uv": [1.75, 1.75, 2, 2], "texture": "#particle"}
			}
		},
		{
			"from": [1, 4, 2],
			"to": [2, 9, 3],
			"faces": {
				"north": {"uv": [2, 1, 2.25, 2.25], "texture": "#particle"},
				"east": {"uv": [2, 1, 2.25, 2.25], "texture": "#particle"},
				"south": {"uv": [2, 1, 2.25, 2.25], "texture": "#particle"},
				"west": {"uv": [2, 1, 2.25, 2.25], "texture": "#particle"},
				"up": {"uv": [1.75, 1.75, 2, 2], "texture": "#particle"},
				"down": {"uv": [1.75, 1.75, 2, 2], "texture": "#particle"}
			}
		},
		{
			"from": [-3, 4, 2],
			"to": [-2, 9, 3],
			"faces": {
				"north": {"uv": [2, 1, 2.25, 2.25], "texture": "#particle"},
				"east": {"uv": [2, 1, 2.25, 2.25], "texture": "#particle"},
				"south": {"uv": [2, 1, 2.25, 2.25], "texture": "#particle"},
				"west": {"uv": [2, 1, 2.25, 2.25], "texture": "#particle"},
				"up": {"uv": [1.75, 1.75, 2, 2], "texture": "#particle"},
				"down": {"uv": [1.75, 1.75, 2, 2], "texture": "#particle"}
			}
		}
	],
	"gui_light": "front",
	"overrides": [
		{
			"predicate": {
				"blocking": 1
			},
			"model": "item/shield_blocking"
		}
	],
	"display": {
        "thirdperson_righthand": {
            "rotation": [ 45, 135, 0 ],
            "translation": [ 3.51, 11, -2 ],
            "scale": [ 1, 1, 1 ]
        },
        "thirdperson_lefthand": {
            "rotation": [ 45, 135, 0 ],
            "translation": [ 13.51, 3, 5 ],
            "scale": [ 1, 1, 1 ]
        },
        "firstperson_righthand": {
            "rotation": [ 0, 180, -5 ],
            "translation": [ -15, 5, -11 ],
            "scale": [ 1.25, 1.25, 1.25 ]
        },
        "firstperson_lefthand": {
            "rotation": [ 0, 180, -5 ],
            "translation": [ 5, 5, -11 ],
            "scale": [ 1.25, 1.25, 1.25 ]
        },
        "gui": {
            "rotation": [ 15, -25, -5 ],
            "translation": [ 2, 3, 0 ],
            "scale": [ 0.65, 0.65, 0.65 ]
        }
    }
}