{
	"credit": "Made with Blockbench",
	"parent": "lucky:block/lucky_block_fish",
	"textures": {
		"0": "lucky:items/pufferfish",
		"particle": "lucky:items/pufferfish"
	},
	"elements": [
		{
			"from": [4, 3, 4],
			"to": [12, 11, 12],
			"rotation": {"angle": 0, "axis": "y", "origin": [0, 3, 0]},
			"faces": {
				"north": {"uv": [4, 4, 8, 8], "texture": "#0"},
				"east": {"uv": [0, 4, 4, 8], "texture": "#0"},
				"south": {"uv": [12, 4, 16, 8], "texture": "#0"},
				"west": {"uv": [8, 4, 12, 8], "texture": "#0"},
				"up": {"uv": [4, 0, 8, 4], "texture": "#0"},
				"down": {"uv": [8, 0, 12, 4], "texture": "#0"}
			}
		},
		{
			"from": [4.75, 3, 0],
			"to": [5.75, 11, 0],
			"rotation": {"angle": -45, "axis": "y", "origin": [0, 3, 0]},
			"faces": {
				"north": {"uv": [2.5, 8.5, 3, 12], "texture": "#0"},
				"east": {"uv": [2.5, 8.5, 3, 12], "texture": "#0"},
				"south": {"uv": [2.5, 8.5, 3, 12], "texture": "#0"},
				"west": {"uv": [2.5, 8.5, 3, 12], "texture": "#0"},
				"up": {"uv": [2.5, 8.5, 3, 12], "texture": "#0"},
				"down": {"uv": [2.5, 8.5, 3, 12], "texture": "#0"}
			}
		},
		{
			"from": [4, 0.15, 1.85],
			"to": [11, 0.15, 2.85],
			"rotation": {"angle": -45, "axis": "x", "origin": [0, 3, 0]},
			"faces": {
				"north": {"uv": [8, 10, 11.5, 10.5], "texture": "#0"},
				"east": {"uv": [8, 10, 11.5, 10.5], "texture": "#0"},
				"south": {"uv": [8, 10, 11.5, 10.5], "texture": "#0"},
				"west": {"uv": [8, 10, 11.5, 10.5], "texture": "#0"},
				"up": {"uv": [8, 10, 11.5, 10.5], "texture": "#0"},
				"down": {"uv": [8, 10, 11.5, 10.5], "texture": "#0"}
			}
		},
		{
			"from": [5, 11.5, -3.8],
			"to": [12, 11.5, -2.8],
			"rotation": {"angle": 45, "axis": "x", "origin": [0, 3, 0]},
			"faces": {
				"north": {"uv": [8, 8.5, 11.5, 9], "texture": "#0"},
				"east": {"uv": [8, 8.5, 11.5, 9], "texture": "#0"},
				"south": {"uv": [8, 8.5, 11.5, 9], "texture": "#0"},
				"west": {"uv": [8, 8.5, 11.5, 9], "texture": "#0"},
				"up": {"uv": [8, 8.5, 11.5, 9], "texture": "#0"},
				"down": {"uv": [8, 8.5, 11.5, 9], "texture": "#0"}
			}
		},
		{
			"from": [4, 10.95, 8],
			"to": [11, 11.95, 8],
			"rotation": {"angle": 0, "axis": "x", "origin": [0, 3, 0]},
			"faces": {
				"north": {"uv": [12, 9, 15.5, 9.5], "rotation": 180, "texture": "#0"},
				"east": {"uv": [8, 8.5, 11.5, 9], "rotation": 270, "texture": "#0"},
				"south": {"uv": [8, 8.5, 11.5, 9], "texture": "#0"},
				"west": {"uv": [8, 8.5, 11.5, 9], "rotation": 90, "texture": "#0"},
				"up": {"uv": [8, 8.5, 11.5, 9], "rotation": 180, "texture": "#0"},
				"down": {"uv": [8, 8.5, 11.5, 9], "texture": "#0"}
			}
		},
		{
			"from": [4, 2.05, 8],
			"to": [11, 3.05, 8],
			"rotation": {"angle": 0, "axis": "x", "origin": [0, 3, 0]},
			"faces": {
				"north": {"uv": [8, 10, 11.5, 10.5], "rotation": 180, "texture": "#0"},
				"east": {"uv": [8, 8.5, 11.5, 9], "rotation": 270, "texture": "#0"},
				"south": {"uv": [8, 8.5, 11.5, 9], "texture": "#0"},
				"west": {"uv": [8, 8.5, 11.5, 9], "rotation": 90, "texture": "#0"},
				"up": {"uv": [8, 8.5, 11.5, 9], "rotation": 180, "texture": "#0"},
				"down": {"uv": [8, 8.5, 11.5, 9], "texture": "#0"}
			}
		},
		{
			"from": [5, 17.05, 2.8],
			"to": [12, 18.05, 2.8],
			"rotation": {"angle": 45, "axis": "x", "origin": [0, 3, 0]},
			"faces": {
				"north": {"uv": [8, 8.5, 11.5, 9], "rotation": 180, "texture": "#0"},
				"east": {"uv": [8, 8.5, 11.5, 9], "rotation": 270, "texture": "#0"},
				"south": {"uv": [8, 8.5, 11.5, 9], "texture": "#0"},
				"west": {"uv": [8, 8.5, 11.5, 9], "rotation": 90, "texture": "#0"},
				"up": {"uv": [8, 8.5, 11.5, 9], "rotation": 180, "texture": "#0"},
				"down": {"uv": [8, 8.5, 11.5, 9], "texture": "#0"}
			}
		},
		{
			"from": [4, -6.4, 8.5],
			"to": [11, -5.4, 8.5],
			"rotation": {"angle": -45, "axis": "x", "origin": [0, 3, 0]},
			"faces": {
				"north": {"uv": [8, 10, 11.5, 10.5], "rotation": 180, "texture": "#0"},
				"east": {"uv": [8, 10, 11.5, 10.5], "rotation": 90, "texture": "#0"},
				"south": {"uv": [8, 10, 11.5, 10.5], "texture": "#0"},
				"west": {"uv": [8, 10, 11.5, 10.5], "rotation": 270, "texture": "#0"},
				"up": {"uv": [8, 10, 11.5, 10.5], "texture": "#0"},
				"down": {"uv": [8, 10, 11.5, 10.5], "rotation": 180, "texture": "#0"}
			}
		},
		{
			"from": [0, 3, 16.9],
			"to": [0, 11, 17.9],
			"rotation": {"angle": 45, "axis": "y", "origin": [0, 3, 0]},
			"faces": {
				"north": {"uv": [4.5, 8.5, 5, 12], "texture": "#0"},
				"east": {"uv": [4.5, 8.5, 5, 12], "texture": "#0"},
				"south": {"uv": [4.5, 8.5, 5, 12], "texture": "#0"},
				"west": {"uv": [4.5, 8.5, 5, 12], "texture": "#0"},
				"up": {"uv": [4.5, 8.5, 5, 12], "texture": "#0"},
				"down": {"uv": [4.5, 8.5, 5, 12], "texture": "#0"}
			}
		},
		{
			"from": [11.3, 3, -6.5],
			"to": [11.3, 11, -5.5],
			"rotation": {"angle": -45, "axis": "y", "origin": [0, 3, 0]},
			"faces": {
				"north": {"uv": [2.5, 8.5, 3, 12], "texture": "#0"},
				"east": {"uv": [2.5, 8.5, 3, 12], "texture": "#0"},
				"south": {"uv": [2.5, 8.5, 3, 12], "texture": "#0"},
				"west": {"uv": [2.5, 8.5, 3, 12], "texture": "#0"},
				"up": {"uv": [2.5, 8.5, 3, 12], "rotation": 90, "texture": "#0"},
				"down": {"uv": [2.5, 8.5, 3, 12], "rotation": 270, "texture": "#0"}
			}
		},
		{
			"from": [-6.5, 3, 11.35],
			"to": [-5.5, 11, 11.35],
			"rotation": {"angle": 45, "axis": "y", "origin": [0, 3, 0]},
			"faces": {
				"north": {"uv": [4.5, 8.5, 5, 12], "texture": "#0"},
				"east": {"uv": [4.5, 8.5, 5, 12], "texture": "#0"},
				"south": {"uv": [4.5, 8.5, 5, 12], "texture": "#0"},
				"west": {"uv": [4.5, 8.5, 5, 12], "texture": "#0"},
				"up": {"uv": [4.5, 8.5, 5, 12], "texture": "#0"},
				"down": {"uv": [4.5, 8.5, 5, 12], "texture": "#0"}
			}
		},
		{
			"from": [7.25, 13.8, 5],
			"to": [9.25, 13.8, 7],
			"rotation": {"angle": -22.5, "axis": "z", "origin": [0, 0, 0]},
			"faces": {
				"north": {"uv": [13, 0, 14, 1], "texture": "#0"},
				"east": {"uv": [13, 0, 14, 1], "texture": "#0"},
				"south": {"uv": [13, 0, 14, 1], "texture": "#0"},
				"west": {"uv": [13, 0, 14, 1], "texture": "#0"},
				"up": {"uv": [13, 0, 14, 1], "texture": "#0"},
				"down": {"uv": [13, 0, 14, 1], "texture": "#0"}
			}
		},
		{
			"from": [5.55, 7.7, 5],
			"to": [7.55, 7.7, 7],
			"rotation": {"angle": 22.5, "axis": "z", "origin": [0, 0, 0]},
			"faces": {
				"north": {"uv": [13, 1.5, 14, 2.5], "texture": "#0"},
				"east": {"uv": [13, 1.5, 14, 2.5], "texture": "#0"},
				"south": {"uv": [13, 1.5, 14, 2.5], "texture": "#0"},
				"west": {"uv": [13, 1.5, 14, 2.5], "texture": "#0"},
				"up": {"uv": [13, 1.5, 14, 2.5], "texture": "#0"},
				"down": {"uv": [13, 1.5, 14, 2.5], "texture": "#0"}
			}
		}
	],
	"display": {
		"thirdperson_righthand": {
			"rotation": [35, 7, 0],
			"translation": [-0.75, 3.25, 0.5]
		},
		"thirdperson_lefthand": {
			"rotation": [35, 7, 0],
			"translation": [-0.75, 3.25, 0.5]
		},
		"firstperson_righthand": {
			"rotation": [33, 33, 1],
			"translation": [2.25, 2, -4.25]
		},
		"ground": {
			"translation": [0, 4, 0],
			"scale": [0.5, 0.5, 0.5]
		},
		"gui": {
			"rotation": [45, 135, 0],
			"translation": [0, 1, 0]
		},
		"head": {
			"translation": [0, 1.75, 0],
			"scale": [2, 2, 2]
		}
	}
}