{
	"credit": "Made with Blockbench",
	"parent": "lucky:block/lucky_block_fish",
	"textures": {
		"0": "lucky:items/pufferfish",
		"1": "lucky:items/puffer_fuse",
		"particle": "lucky:items/pufferfish"
	},
	"elements": [
		{
			"from": [6, 3, 5],
			"to": [11, 8, 10],
			"rotation": {"angle": 0, "axis": "y", "origin": [-10, 3, 1]},
			"faces": {
				"north": {"uv": [8.5, 13.5, 11, 16], "texture": "#0"},
				"east": {"uv": [6, 13.5, 8.5, 16], "texture": "#0"},
				"south": {"uv": [13.5, 13.5, 16, 16], "texture": "#0"},
				"west": {"uv": [11, 13.5, 13.5, 16], "texture": "#0"},
				"up": {"uv": [8.5, 11, 11, 13.5], "texture": "#0"},
				"down": {"uv": [11, 11, 13.5, 13.5], "texture": "#0"}
			}
		},
		{
			"from": [3.2, 3, -7.5],
			"to": [4.2, 8, -7.5],
			"rotation": {"angle": -45, "axis": "y", "origin": [-10, 3, 1]},
			"faces": {
				"north": {"uv": [0.5, 8.5, 1, 11], "texture": "#0"},
				"east": {"uv": [0.5, 8.5, 1, 11], "texture": "#0"},
				"south": {"uv": [0.5, 8.5, 1, 11], "texture": "#0"},
				"west": {"uv": [0.5, 8.5, 1, 11], "texture": "#0"},
				"up": {"uv": [0.5, 8.5, 1, 11], "texture": "#0"},
				"down": {"uv": [0.5, 8.5, 1, 11], "texture": "#0"}
			}
		},
		{
			"from": [14.0262, 3, 6.67696],
			"to": [15.0262, 8, 6.67696],
			"rotation": {"angle": -45, "axis": "y", "origin": [8.5262, 5.5, 4.67696]},
			"faces": {
				"north": {"uv": [2.5, 8.5, 3, 11], "texture": "#0"},
				"east": {"uv": [0.5, 8.5, 1, 11], "texture": "#0"},
				"south": {"uv": [0.5, 8.5, 1, 11], "texture": "#0"},
				"west": {"uv": [0.5, 8.5, 1, 11], "texture": "#0"},
				"up": {"uv": [0.5, 8.5, 1, 11], "rotation": 180, "texture": "#0"},
				"down": {"uv": [0.5, 8.5, 1, 11], "rotation": 180, "texture": "#0"}
			}
		},
		{
			"from": [6, 0.15, 2.85],
			"to": [11, 0.15, 3.85],
			"rotation": {"angle": -45, "axis": "x", "origin": [-10, 3, 1]},
			"faces": {
				"north": {"uv": [8, 10, 10.5, 10.5], "texture": "#0"},
				"east": {"uv": [8, 10, 10.5, 10.5], "texture": "#0"},
				"south": {"uv": [8, 10, 10.5, 10.5], "texture": "#0"},
				"west": {"uv": [8, 10, 10.5, 10.5], "texture": "#0"},
				"up": {"uv": [8, 10, 10.5, 10.5], "texture": "#0"},
				"down": {"uv": [8, 10, 10.5, 10.5], "texture": "#0"}
			}
		},
		{
			"from": [6, -1.00745, 6.63428],
			"to": [11, -0.00745, 6.63428],
			"rotation": {"angle": -45, "axis": "x", "origin": [8.5, 5.49255, 4.65928]},
			"faces": {
				"north": {"uv": [8, 10, 10.5, 10.5], "rotation": 180, "texture": "#0"},
				"east": {"uv": [8, 10, 10.5, 10.5], "rotation": 180, "texture": "#0"},
				"south": {"uv": [8, 10, 10.5, 10.5], "rotation": 180, "texture": "#0"},
				"west": {"uv": [8, 10, 10.5, 10.5], "rotation": 180, "texture": "#0"},
				"up": {"uv": [8, 10, 10.5, 10.5], "rotation": 180, "texture": "#0"},
				"down": {"uv": [8, 10, 10.5, 10.5], "rotation": 180, "texture": "#0"}
			}
		},
		{
			"from": [6, 9.35, -0.7],
			"to": [11, 9.35, 0.3],
			"rotation": {"angle": 45, "axis": "x", "origin": [-10, 3, 1]},
			"faces": {
				"north": {"uv": [8, 8.5, 10.5, 9], "texture": "#0"},
				"east": {"uv": [8, 8.5, 10.5, 9], "texture": "#0"},
				"south": {"uv": [8, 8.5, 10.5, 9], "texture": "#0"},
				"west": {"uv": [8, 8.5, 10.5, 9], "texture": "#0"},
				"up": {"uv": [8, 8.5, 10.5, 9], "texture": "#0"},
				"down": {"uv": [8, 8.5, 10.5, 9], "texture": "#0"}
			}
		},
		{
			"from": [6, 3.49255, 10.18428],
			"to": [11, 3.49255, 11.18428],
			"rotation": {"angle": -45, "axis": "x", "origin": [8.5, 5.49255, 4.65928]},
			"faces": {
				"north": {"uv": [8, 8.5, 10.5, 9], "rotation": 180, "texture": "#0"},
				"east": {"uv": [8, 8.5, 10.5, 9], "rotation": 180, "texture": "#0"},
				"south": {"uv": [8, 8.5, 10.5, 9], "rotation": 180, "texture": "#0"},
				"west": {"uv": [8, 8.5, 10.5, 9], "rotation": 180, "texture": "#0"},
				"up": {"uv": [8, 8.5, 10.5, 9], "rotation": 180, "texture": "#0"},
				"down": {"uv": [8, 8.5, 10.5, 9], "rotation": 180, "texture": "#0"}
			}
		},
		{
			"from": [7.7, 3, -12],
			"to": [7.7, 8, -11],
			"rotation": {"angle": -45, "axis": "y", "origin": [-10, 3, 1]},
			"faces": {
				"north": {"uv": [4.5, 8.5, 5, 11], "texture": "#0"},
				"east": {"uv": [4.5, 8.5, 5, 11], "texture": "#0"},
				"south": {"uv": [4.5, 8.5, 5, 11], "texture": "#0"},
				"west": {"uv": [4.5, 8.5, 5, 11], "texture": "#0"},
				"up": {"uv": [4.5, 8.5, 5, 11], "texture": "#0"},
				"down": {"uv": [4.5, 8.5, 5, 11], "texture": "#0"}
			}
		},
		{
			"from": [10.5262, 3, 10.17696],
			"to": [10.5262, 8, 11.17696],
			"rotation": {"angle": -45, "axis": "y", "origin": [8.5262, 5.5, 4.67696]},
			"faces": {
				"north": {"uv": [4.5, 8.5, 5, 11], "texture": "#0"},
				"east": {"uv": [4.5, 8.5, 5, 11], "texture": "#0"},
				"south": {"uv": [4.5, 8.5, 5, 11], "texture": "#0"},
				"west": {"uv": [4.5, 8.5, 5, 11], "texture": "#0"},
				"up": {"uv": [4.5, 8.5, 5, 11], "rotation": 180, "texture": "#0"},
				"down": {"uv": [4.5, 8.5, 5, 11], "rotation": 180, "texture": "#0"}
			}
		},
		{
			"from": [6.35, 15.4, 6],
			"to": [8.35, 15.4, 8],
			"rotation": {"angle": -22.5, "axis": "z", "origin": [-10, 0, 1]},
			"faces": {
				"north": {"uv": [13, 0, 14, 1], "texture": "#0"},
				"east": {"uv": [13, 0, 14, 1], "texture": "#0"},
				"south": {"uv": [13, 0, 14, 1], "texture": "#0"},
				"west": {"uv": [13, 0, 14, 1], "texture": "#0"},
				"up": {"uv": [13, 0, 14, 1], "texture": "#0"},
				"down": {"uv": [13, 0, 14, 1], "texture": "#0"}
			}
		},
		{
			"from": [5.8, 1.25, 6],
			"to": [7.8, 1.25, 8],
			"rotation": {"angle": 22.5, "axis": "z", "origin": [-10, 0, 1]},
			"faces": {
				"north": {"uv": [13, 1.5, 14, 2.5], "texture": "#0"},
				"east": {"uv": [13, 1.5, 14, 2.5], "texture": "#0"},
				"south": {"uv": [13, 1.5, 14, 2.5], "texture": "#0"},
				"west": {"uv": [13, 1.5, 14, 2.5], "texture": "#0"},
				"up": {"uv": [13, 1.5, 14, 2.5], "texture": "#0"},
				"down": {"uv": [13, 1.5, 14, 2.5], "texture": "#0"}
			}
		},
		{
			"from": [4.5, 7, 7.5],
			"to": [12.5, 15, 7.5],
			"faces": {
				"north": {"uv": [0, 0, 16, 16], "texture": "#1"},
				"east": {"uv": [0, 0, 16, 16], "texture": "#1"},
				"south": {"uv": [0, 0, 16, 16], "texture": "#1"},
				"west": {"uv": [0, 0, 16, 16], "texture": "#1"},
				"up": {"uv": [0, 0, 16, 16], "texture": "#1"},
				"down": {"uv": [0, 0, 16, 16], "texture": "#1"}
			}
		},
		{
			"from": [8.5, 7, 3.5],
			"to": [8.5, 15, 11.5],
			"rotation": {"angle": 0, "axis": "y", "origin": [8.5, 11, 7.5]},
			"faces": {
				"north": {"uv": [0, 0, 16, 16], "texture": "#1"},
				"east": {"uv": [0, 0, 16, 16], "texture": "#1"},
				"south": {"uv": [0, 0, 16, 16], "texture": "#1"},
				"west": {"uv": [0, 0, 16, 16], "texture": "#1"},
				"up": {"uv": [0, 0, 16, 16], "rotation": 90, "texture": "#1"},
				"down": {"uv": [0, 0, 16, 16], "rotation": 270, "texture": "#1"}
			}
		}
	],
	"display": {
		"thirdperson_righthand": {
			"rotation": [35, 7, 0],
			"translation": [-1, 1.5, 1.25],
			"scale": [0.5, 0.5, 0.5]
		},
		"thirdperson_lefthand": {
			"rotation": [35, 7, 0],
			"translation": [-1, 1.5, 1.25],
			"scale": [0.5, 0.5, 0.5]
		},
		"firstperson_righthand": {
			"rotation": [8, 7, 0],
			"translation": [-1, 4.5, 1.25],
			"scale": [0.75, 0.75, 0.75]
		},
		"firstperson_lefthand": {
			"rotation": [8, 7, 0],
			"translation": [-1, 4.5, 1.25],
			"scale": [0.75, 0.75, 0.75]
		},
		"ground": {
			"translation": [0, 4, 0],
			"scale": [0.5, 0.5, 0.5]
		},
		"gui": {
			"rotation": [45, 135, 0],
			"translation": [0.75, 1.25, 0]
		},
		"head": {
			"translation": [0, 1.75, 0],
			"scale": [2, 2, 2]
		}
	}
}